observation_id,target_id,telescope,observer,start_utc,end_utc,status,spectrum_url,rms_mjy_per_1_km_s,data_quality,detection_status,notes
DEMO-001,galexascj00002,GBT,DEMO,2026-01-10T02:00:00Z,2026-01-10T03:00:00Z,observed,spectra/demo-galexascj00002.svg,4.2,trusted,detected,DEMO observation for interface testing
DEMO-002,ugc12894,EFF,DEMO,2026-01-11T20:30:00Z,2026-01-11T21:30:00Z,observed,spectra/demo-ugc12894.svg,6.8,trusted,marginal,DEMO observation for interface testing
DEMO-003,ugc12893,SRT,DEMO,2026-01-12T21:00:00Z,2026-01-12T22:00:00Z,observed,spectra/demo-ugc12893.svg,5.4,trusted,undetected,DEMO observation for interface testing
DEMO-004,wiseaj000103-0,GBT,DEMO,2026-01-13T03:00:00Z,2026-01-13T04:00:00Z,observed,spectra/demo-wiseaj000103-0.svg,7.1,possible_other_problems,undetected,DEMO observation for interface testing
DEMO-005,ic5377,EFF,DEMO,2026-01-14T19:45:00Z,2026-01-14T20:45:00Z,observed,spectra/demo-ic5377.svg,5.9,trusted,undetected,DEMO observation for interface testing
ISSUE-2-001,ugc00017,GBT,dpesce,2026-06-26T15:41:00Z,2026-06-27T15:41:00Z,failed,,,,,"TEST TEST TEST This is not a real observation, but just a test of the observing report submission system. Submitted via GitHub issue #2 by @dpesce."
ISSUE-4-001,wiseaj000232-7,GBT,dpesce,,,observed,,3,trusted,marginal,"TEST TEST TEST This is not a real observation, but just a test of the observing report submission system. Submitted via GitHub issue #4 by @dpesce."
ISSUE-6-001,ugc05428,GBT,jbraatz,,,observed,,5.5,trusted,undetected,"This is a test. Delete this test. NGC 3115 may host a brighter maser than NGC 4258. So we don't want to mark it ""observed"" until we actually observe it. :-) Submitted via GitHub issue #6 by @jbraatz."
ISSUE-6-002,sdssj100512-15,GBT,jbraatz,,,observed,,6.5,possible_other_problems,undetected,"This is a test. Delete this test. NGC 3115 may host a brighter maser than NGC 4258. So we don't want to mark it ""observed"" until we actually observe it. :-) Submitted via GitHub issue #6 by @jbraatz."
ISSUE-6-003,ngc3115,GBT,jbraatz,,,observed,,12.5,trusted,marginal,"This is a test. Delete this test. NGC 3115 may host a brighter maser than NGC 4258. So we don't want to mark it ""observed"" until we actually observe it. :-) Submitted via GitHub issue #6 by @jbraatz."
ISSUE-6-004,ugc05423,GBT,jbraatz,,,observed,,123.321,trusted,detected,"This is a test. Delete this test. NGC 3115 may host a brighter maser than NGC 4258. So we don't want to mark it ""observed"" until we actually observe it. :-) Submitted via GitHub issue #6 by @jbraatz."
ISSUE-6-005,wiseaj100601-6,GBT,jbraatz,,,observed,,12.12,untrusted,undetected,"This is a test. Delete this test. NGC 3115 may host a brighter maser than NGC 4258. So we don't want to mark it ""observed"" until we actually observe it. :-) Submitted via GitHub issue #6 by @jbraatz."
ISSUE-6-006,ugc05442,GBT,jbraatz,,,observed,,0.1,trusted,undetected,"This is a test. Delete this test. NGC 3115 may host a brighter maser than NGC 4258. So we don't want to mark it ""observed"" until we actually observe it. :-) Submitted via GitHub issue #6 by @jbraatz."
ISSUE-18-001,ugc00017,GBT,jbraatz,,,observed,,2.5,trusted,undetected,Notes go here. Submitted via GitHub issue #18 by @jbraatz.
ISSUE-18-002,ugc00031,GBT,jbraatz,,,observed,,2.6,trusted,marginal,Notes go here. Submitted via GitHub issue #18 by @jbraatz.
ISSUE-18-003,ugc00064,GBT,jbraatz,,,observed,,2.7,possible_other_problems,undetected,Notes go here. Submitted via GitHub issue #18 by @jbraatz.
ISSUE-18-004,ugc00063,GBT,jbraatz,,,observed,,2.8,possible_pointing_problems,undetected,Notes go here. Submitted via GitHub issue #18 by @jbraatz.
ISSUE-30-001,eso409-ig015,SRT,fredcourbin,,,observed,,2,trusted,detected,done at SRT Submitted via GitHub issue #30 by @fredcourbin.
